window_id,activity,start_time,end_time,x_mean,x_std,x_var,x_min,x_max,x_range,x_rms,x_q25,x_q75,x_median,x_iqr,x_skew,x_kurtosis,x_energy,x_zcr,y_mean,y_std,y_var,y_min,y_max,y_range,y_rms,y_q25,y_q75,y_median,y_iqr,y_skew,y_kurtosis,y_energy,y_zcr,z_mean,z_std,z_var,z_min,z_max,z_range,z_rms,z_q25,z_q75,z_median,z_iqr,z_skew,z_kurtosis,z_energy,z_zcr,sma,smv,corr_xy,corr_xz,corr_yz,x_dom_freq,x_spectral_energy,x_spectral_centroid,x_spectral_rolloff,x_low_freq_energy,x_mid_freq_energy,x_high_freq_energy,x_spectral_entropy,y_dom_freq,y_spectral_energy,y_spectral_centroid,y_spectral_rolloff,y_low_freq_energy,y_mid_freq_energy,y_high_freq_energy,y_spectral_entropy,z_dom_freq,z_spectral_energy,z_spectral_centroid,z_spectral_rolloff,z_low_freq_energy,z_mid_freq_energy,z_high_freq_energy,z_spectral_entropy
0,standing,1761222046454365700,1761222048405161700,-0.5918075965642177,0.6483149261968987,0.4203122435296902,-1.3039500713348389,0.0010500000789761,1.305000071413815,0.8778089056741256,-1.3020000457763672,0.0,-0.0010500000789761,1.3020000457763672,-0.1825787435125037,-1.9666539885111671,76.2842990131998,0.2222222222222222,6.977592795786231,0.035257033694361534,0.0012430584249253443,6.951000213623047,7.030950546264648,0.07995033264160156,6.977681870236908,6.95205020904541,7.02750039100647,6.954000473022461,0.07545018196105957,0.7554842672722664,-1.4056915613137433,4820.116383941051,0.0,2.268984915030123,0.32224162714923027,0.10383966626778353,1.759950041770935,2.530050039291382,0.7700999975204468,2.2917530868097544,1.8000000715255737,2.5279500484466553,2.4880502223968506,0.7279499769210815,-0.7683057809331748,-1.19035863369786,519.9610888793018,0.0,9.838639852854262,7.395690814980946,0.4179306518764413,-0.7337691191501489,-0.8256201481790397,0.0,5491.4312546010715,3.8200303096336476,18.67300398141249,5402.166785498867,70.18071658032329,19.08375252188091,3.8648031667388465,0.0,477185.4288130285,0.054887248260167804,0.0,477185.2070500209,0.18095097255614093,0.04081203500701354,0.12847629532298194,0.0,50967.054482620006,1.12555935943249,8.074812532502698,50952.37750811971,11.441756345058263,3.2352181552416575,1.7121142183249278
1,standing,1761222047424620300,1761222049365750800,-0.3025045563476254,0.5498894220997332,0.30237837653717864,-1.3039500713348389,0.0010500000789761,1.305000071413815,0.6276044798663026,-0.0010500000789761,0.0,0.0,0.0010500000789761,-1.2676683385724106,-0.3930023454195468,38.99485093167698,0.30303030303030304,6.952989761275474,0.0014140941371994012,1.999662228861719e-06,6.951000213623047,6.955050468444824,0.004050254821777344,6.9529899050742054,6.95205020904541,6.954000473022461,6.952950477600098,0.0019502639770507812,0.045800486301111464,-1.2508142597771352,4786.062793386317,0.0,2.2437394652703797,0.2079039220666837,0.04322404081070969,2.0089499950408936,2.530050039291382,0.5211000442504883,2.253351022105193,2.047950029373169,2.4915000200271606,2.164950132369995,0.4435499906539917,0.29223814402302295,-1.5913971477049984,502.68149205342934,0.0,9.499551964735593,7.335143861545927,0.026897679633091212,-0.7519247570763353,0.0031030792319198123,0.0,2377.201189624705,4.578961082148994,19.177679764693906,2286.186480062054,73.56657336793874,17.448136194712877,4.303147274443501,0.0,473820.2067403228,0.008198682790293729,0.0,473820.1969877229,0.00279115409653858,0.006961445846663959,0.009316184963087237,0.0,49553.58434695526,0.8833462757881431,6.056109399377023,49546.237069748706,5.824883646926851,1.5223935596223712,1.3587782089558424
2,standing,1761222048405161700,1761222050346241000,1.0606061403798988e-05,0.0006589429099811732,4.3420575861445664e-07,-0.0010500000789761,0.0010500000789761,0.0021000001579522,0.0006590282597529166,0.0,0.0,0.0,0.0,-0.007422309251060617,-0.461299632204891,4.299750646814282e-05,0.3838383838383838,6.953030672940341,0.0014145316252554949,2.0008997188479518e-06,6.951000213623047,6.955050468444824,0.004050254821777344,6.953030816827215,6.95205020904541,6.954000473022461,6.952950477600098,0.0019502639770507812,0.018302247769198615,-1.2541481267515127,4786.119116435144,0.0,2.0215606581081045,0.05856308777583598,0.0034296352498402695,1.951050043106079,2.1660001277923584,0.2149500846862793,2.0224087444580316,1.972950100898743,2.047950029373169,2.01104998588562,0.07499992847442605,1.14554311852323,0.6686876969369759,404.9235758363709,0.0,8.975004967443194,7.24116676403326,0.8986308526006588,0.03945069956408139,0.0352419485974763,10.093515665628372,0.0021278342032866153,13.015069406647712,20.187031331256744,1.674964142316056e-05,0.0014932300491009786,0.0006178545127624757,4.7008932918330935,0.0,473825.78271792486,0.008261019928373154,0.0,473825.7729613499,0.0027637530644782607,0.006992821952587872,0.009286513164642702,0.0,40070.62019255035,0.45386905883106093,1.5140273498442558,40069.42376384088,0.9157552553482544,0.280673454116465,0.7350970730743382
3,standing,1761222049365750800,1761222051326735000,0.0,0.0006674238626724191,4.454546124645721e-07,-0.0010500000789761,0.0010500000789761,0.0021000001579522,0.0006674238626724191,0.0,0.0,0.0,0.0,0.0,-0.5249999999999999,4.410000663399264e-05,0.3939393939393939,6.9530003672898415,0.0014255263078861915,2.0321252544756364e-06,6.951000213623047,6.955050468444824,0.004050254821777344,6.953000513422815,6.95205020904541,6.954000473022461,6.952950477600098,0.0019502639770507812,0.04929983290153532,-1.266496724341081,4786.077397826135,0.0,1.9277652152861007,0.0731450279682865,0.0053501951164814125,1.798050045967102,2.013000011444092,0.21494996547698975,1.929152383919826,1.8395251035690308,1.972950100898743,1.9530000686645508,0.13342499732971214,-0.6617556708494113,-1.0473045877759792,368.4412631179712,0.0,8.881189825032095,7.215640662145532,0.903003666812389,-0.0035193980657689194,0.007306683108691419,10.093515665628372,0.0021829458620701843,14.237634841292254,20.69170711453816,3.028888618558979e-07,0.0015945298246390332,0.000588113148569295,4.283467084374811,0.0,473821.65242519055,0.008148618523302968,0.0,473821.6424768171,0.0030884546254631934,0.006859918858173024,0.008584507582597345,0.0,36449.4565498469,0.4664266286057725,1.5140273498442558,36448.259931782515,0.918811110276105,0.27780695410916784,0.7918800826110883
4,standing,1761222050346241000,1761222052307219200,0.0,0.0006674238626724191,4.4545461246457206e-07,-0.0010500000789761,0.0010500000789761,0.0021000001579522,0.0006674238626724191,0.0,0.0,0.0,0.0,0.0,-0.524999999999999,4.410000663399263e-05,0.40404040404040403,6.953020066925974,0.0014257352931575005,2.0327211261549035e-06,6.951000213623047,6.955050468444824,0.004050254821777344,6.953020213101382,6.95205020904541,6.954000473022461,6.952950477600098,0.0019502639770507812,0.014300216204765098,-1.2689956039124095,4786.104518295843,0.0,1.8035455340086812,0.09248803106992352,0.00855403589119114,1.6080000400543213,1.9549500942230225,0.34695005416870117,1.8059154269051056,1.7235000729560852,1.8395251035690308,1.8000000715255735,0.11602503061294556,0.18141859103815386,-0.7524428804899461,322.87172238425114,0.0,8.756989843390807,7.183681175396936,0.9028713039065903,-0.012989371702968523,-0.0042737028171529,10.093515665628372,0.0021829458620701843,14.237634841292257,20.69170711453816,3.028888618558979e-07,0.0015945298246390332,0.0005881131485692951,4.283467084374811,0.0,473824.3373490646,0.008135934722047277,0.0,473824.3273968729,0.0030941334047358483,0.0068580582448352,0.008560647090517997,0.0,31922.361365001678,0.7711216200877327,5.046757832814186,31918.86286375795,2.794169645548547,0.7043315981880052,1.1335404857153342
5,standing,1761222051326735000,1761222053287694300,-1.0606061403798988e-05,0.0006589429099811732,4.3420575861445664e-07,-0.0010500000789761,0.0010500000789761,0.0021000001579522,0.0006590282597529166,0.0,0.0,0.0,0.0,0.00742230925106063,-0.461299632204891,4.299750646814282e-05,0.40404040404040403,6.952989761275474,0.0014140941371994012,1.9996622288617187e-06,6.951000213623047,6.955050468444824,0.004050254821777344,6.9529899050742054,6.95205020904541,6.954000473022461,6.952950477600098,0.0019502639770507812,0.04580048630111148,-1.2508142597771346,4786.062793386317,0.0,1.671221283951191,0.07343477958706064,0.005392666853000177,1.6060501337051392,1.8019500970840456,0.19589996337890647,1.6728338969498637,1.6080000400543213,1.7235000729560852,1.609950065612793,0.11550003290176392,0.6350215702742168,-1.1084408166061899,277.03895143166227,0.0,8.624624681621414,7.151373122235323,0.8985645796859656,0.013593729424753356,0.011119178543649853,10.093515665628372,0.002127816400952307,13.38084392450358,21.701058681101,1.2516067769968126e-05,0.0015279591012626775,0.0005873412319196618,4.543163755209788,0.0,473820.20673057874,0.008170054269863614,0.0,473820.19698828866,0.002795631528589189,0.006946658642734368,0.008825166954845788,0.0,27400.420981408042,0.48442249306387075,1.5140273498442558,27399.400695549935,0.7955209742976416,0.22476488380962736,0.8260656090840247
6,standing,1761222052307219200,1761222054268225000,0.0,0.0006674238626724191,4.454546124645721e-07,-0.0010500000789761,0.0010500000789761,0.0021000001579522,0.0006674238626724191,0.0,0.0,0.0,0.0,0.0,-0.5249999999999999,4.410000663399264e-05,0.3939393939393939,6.953010973304209,0.0014290174148475776,2.042090771937654e-06,6.951000213623047,6.955050468444824,0.004050254821777344,6.953011120153593,6.95205020904541,6.954000473022461,6.952950477600098,0.0019502639770507812,0.030136238228924757,-1.2821765732470913,4786.092000060972,0.0,1.5876576491076537,0.033491106006137854,0.0011216541815143631,1.53000009059906,1.609950065612793,0.07994997501373291,1.588010851647921,1.5340501070022583,1.6090500354766846,1.606950044631958,0.07499992847442627,-1.0478415196018362,-0.8762970913394299,249.65606803020398,0.0,8.541092864868014,7.132046326753509,0.900797617848526,0.07344992539950297,0.0667129644773578,10.093515665628372,0.002178523617538457,14.646636048151832,22.710410247663837,6.17265783728529e-07,0.0015538966645154374,0.0006240096872392907,4.200123475418687,0.0,473823.097962604,0.008014771013808961,0.0,473823.08799310867,0.002816832811015408,0.007152662568605618,0.00788965658440369,0.0,24710.452163856404,0.2443314415780974,0.0,24710.20076494716,0.2042077379773224,0.047191171270037476,0.4641080201432193
7,standing,1761222053287694300,1761222055248709400,1.0606061403798988e-05,0.0006589429099811732,4.3420575861445664e-07,-0.0010500000789761,0.0010500000789761,0.0021000001579522,0.0006590282597529166,0.0,0.0,0.0,0.0,-0.007422309251060653,-0.461299632204891,4.299750646814282e-05,0.3838383838383838,6.953030672940341,0.0014145316252554949,2.0008997188479518e-06,6.951000213623047,6.955050468444824,0.004050254821777344,6.953030816827215,6.95205020904541,6.954000473022461,6.952950477600098,0.0019502639770507812,0.018302247769198615,-1.2541481267515127,4786.119116435144,0.0,1.543150089003823,0.036977024071928453,0.0013673003092159763,1.5109500885009766,1.609950065612793,0.0989999771118164,1.5435930478923916,1.5139501094818115,1.5340501070022583,1.5310500860214231,0.020099997520446777,1.052026528582045,-0.6214756549709577,235.88527025267058,0.0,8.496594398338912,7.122306414754929,0.8986308526006588,0.06231112512516373,0.052361114543807014,10.093515665628372,0.002127816400952307,13.38084392450358,21.701058681101,1.2516067769968133e-05,0.0015279591012626772,0.0005873412319196619,4.543163755209789,0.0,473825.7827051548,0.008165446452497381,0.0,473825.77295686514,0.0027908688688824735,0.006957420803786096,0.008795936656329988,0.0,23345.939626305953,0.28843903351073064,0.5046757832814186,23345.567834905134,0.3135562678176708,0.05823513299549535,0.5367277271413666
8,standing,1761222054268225000,1761222056229404200,0.0,0.0006674238626724191,4.454546124645721e-07,-0.0010500000789761,0.0010500000789761,0.0021000001579522,0.0006674238626724191,0.0,0.0,0.0,0.0,0.0,-0.5249999999999999,4.410000663399264e-05,0.3939393939393939,6.9530003672898415,0.0014255263078861915,2.0321252544756364e-06,6.951000213623047,6.955050468444824,0.004050254821777344,6.953000513422815,6.95205020904541,6.954000473022461,6.952950477600098,0.0019502639770507812,0.04929983290153532,-1.266496724341081,4786.077397826135,0.0,1.5166303979025946,0.007604508455277649,5.782854884638926e-05,1.5109500885009766,1.5340501070022583,0.02310001850128174,1.5166494625954372,1.5120000839233398,1.5150001049041748,1.5139501094818115,0.003000020980834961,1.483941098540913,0.4203722441396174,227.72233364671183,0.0,8.470055007648588,7.116490484159904,0.903003666812389,0.16926533994013118,0.17313140166390462,10.093515665628372,0.0021829458620701843,14.237634841292254,20.69170711453816,3.028888618558979e-07,0.0015945298246390332,0.000588113148569295,4.283467084374811,0.0,473821.65242519055,0.008148618523302968,0.0,473821.6424768171,0.0030884546254631934,0.006859918858173024,0.008584507582597345,0.0,22544.227354147042,0.09008386254700225,0.0,22544.20080754887,0.015777937186438388,0.010768660992089391,0.16458127712920476
9,walking,1761222775762543000,1761222777713850400,-1.2048470244526561,0.8661145851924086,0.750154474683018,-2.7199501991271973,0.0010500000789761,2.7210001992061734,1.4838500015215277,-1.9650000929832458,-0.0010500000789761,-1.2630000114440918,1.9639500929042697,0.2995182771150967,-1.2779780161172827,217.97927187452837,0.13131313131313133,7.0519503198488795,1.2111252250966946,1.466824310865519,5.344050407409668,9.808950424194336,4.464900016784668,7.155195848087055,6.224475383758545,7.527000427246094,6.778050422668457,1.3025250434875488,1.1132469795118702,0.38506126680511876,5068.4859348237405,0.0,1.4713925004212394,0.9726687747359812,0.9460845453463951,-0.7870500087738037,3.6979501247406006,4.485000133514404,1.7638255116768953,1.0344750881195068,2.0199750661849976,1.1869500875473022,0.9854999780654907,0.0056408257800501065,-0.1516344062040078,307.99696312858384,0.04040404040404041,9.775574695177827,7.417805594834197,0.02078160884963336,-0.281265196205442,0.11728174875348228,0.0,17903.37021832226,3.749874578026496,19.177679764693906,17660.140552423705,182.35723678513688,60.87242911341706,3.840053691366691,0.0,494587.6195285162,1.9481018077257135,12.616894582035465,493905.3524864451,582.4491684470775,99.81787362396675,2.255462622833757,0.0,25854.165068857998,3.429983757990275,17.158976631568233,25500.905073291357,303.52243325600006,49.737562310641565,3.7928142671328255
10,walking,1761222776733198600,1761222778694585000,-0.9635848938346361,0.764137460402722,0.5839060583907215,-2.0500500202178955,0.0010500000789761,2.0511000202968717,1.229797506102947,-1.7634750604629517,0.0,-1.0930500030517578,1.7634750604629517,0.14918347793671333,-1.4684323969592123,149.72778869568577,0.15151515151515152,7.098659414233583,1.2777583137060144,1.6326663082448376,5.227050304412842,9.808950424194336,4.581900119781494,7.212740934452861,5.946975231170654,7.7090253829956055,6.933000564575195,1.7620501518249512,0.8438883576581618,-0.051354802178794845,5150.339546965661,0.0,1.4763318987544438,0.84076772295197,0.7068903639578406,-0.7870500087738037,2.719050168991089,3.5061001777648926,1.6989544547273014,1.072950005531311,1.9914751052856445,1.1860500574111938,0.9185250997543335,-0.5058928919232254,0.10386538256043698,285.75817768453646,0.04040404040404041,9.585961057277716,7.4126443890066325,0.23206644549004599,-0.1770631109743074,-0.18960790520846718,0.0,11956.410791452625,4.140178720043222,19.682355547975327,11655.739031168308,233.94643894154152,66.72532134277665,4.033221998804228,0.0,501881.5546033365,2.0286551750151687,13.626246148598302,501111.80910029064,657.3549415098946,112.39056153596441,2.2965321903839877,0.0,24825.465578803247,3.52354822663337,17.158976631568233,24490.207623986393,290.80119162052466,44.45676319633301,3.7936647644240806
11,walking,1761222777713850400,1761222779675125000,-0.6124727581016193,0.706479623842941,0.49911345890526354,-1.915050148963928,0.0010500000789761,1.9161001490429042,0.9350060632540669,-1.0549499988555908,0.0,-0.0010500000789761,1.0549499988555908,-0.5616594716987715,-1.1925135861136205,86.54939749386494,0.21212121212121213,7.105903365395286,1.1393503287909625,1.2981191717160745,5.227050304412842,9.808950424194336,4.581900119781494,7.196664630928144,6.529050350189209,7.7090253829956055,6.933000564575195,1.1799750328063965,0.8660859824980071,0.30941220627932786,5127.406199195159,0.0,1.3623515788954919,0.707927353682897,0.5011611380924695,-0.0010500000789761,2.740950107574463,2.742000107653439,1.5353054948809075,1.0725000500679016,1.8949500918388367,1.1299500465393066,0.8224500417709351,0.11213478286301225,-0.09039442655510088,233.35913329853935,0.04040404040404041,9.081003459988896,7.33221728864124,0.10770402878215597,-0.33008613003217596,-0.020839025543067283,0.0,6117.1154297276125,5.052049407215673,21.196382897819582,5849.987210235804,197.2359435572891,69.89227593452014,4.372191902768461,0.0,501247.74114955537,2.004909549888046,12.616894582035465,500285.9306016722,866.3929878212886,95.41756006179178,2.3673208251714413,0.0,20641.69620135797,3.7340573807497544,17.66365241484965,20301.725972035332,286.2624233074986,53.70780601513694,3.8435410314219824
12,walking,1761222778694585000,1761222780655819000,-0.8246742763434245,0.7803928494658467,0.6090129994974238,-1.915050148963928,0.0010500000789761,1.9161001490429042,1.1353856884600821,-1.759950041770935,0.0,-0.9580500721931458,1.759950041770935,-0.11182944683740875,-1.687281573841942,127.62096549443751,0.1717171717171717,7.068760968217946,0.8383826655112523,0.7028854938297524,5.571000099182129,9.808050155639648,4.2370500564575195,7.118305073515132,6.531000137329102,7.354050159454346,7.027050495147705,0.8230500221252441,1.113713012687969,1.9076714345875878,5016.356444843495,0.0,1.484136422475179,0.6296380158557856,0.39644403101081055,-0.0010500000789761,2.740950107574463,2.742000107653439,1.6121739830205155,1.1080501079559326,1.8015000820159912,1.170000076293945,0.6934499740600586,0.08534593760937964,0.14926792744810902,257.31139020129507,0.020202020202020204,9.377783788264626,7.334468782091646,-0.05339217037096144,-0.5720233909411819,0.2579476774407869,0.0,9649.49071052455,3.836749369624758,17.66365241484965,9486.939615521034,124.92156590944059,37.629529094076794,3.9811820659174666,0.0,493172.8672990368,1.6901661698086532,10.598191448909791,492571.53521097294,534.0809868185155,67.25110124537821,2.062190201226956,0.0,23529.517196746536,3.543540538943034,17.66365241484965,23313.238055705202,155.23630728547536,61.0428337558625,3.6051152670296553
13,jumping,1761225174188477200,1761225176141010700,-0.007289393287565973,0.7258779060861343,0.5268987345439909,-0.8629500269889832,1.5529500246047974,2.4159000515937805,0.7259145058465849,-0.8325000405311584,0.8400000333786011,0.0,1.6725000739097595,0.2837511262405629,-1.052887811652698,52.16823511005066,0.15151515151515152,6.621842731129039,1.6735888816361517,2.800899744736145,2.6620500087738037,10.840950965881348,8.178900957107544,6.830058630827604,6.092025279998779,6.991950511932373,6.95205020904541,0.8999252319335938,-0.06584700681530563,0.9033910509840353,4618.320389153721,0.0,2.5766546539586,1.5480354321513385,2.3964136991959815,-0.0010500000789761,6.955050468444824,6.9561004685238,3.005921307180628,1.7424750328063965,2.530050039291382,2.508000135421753,0.7875750064849854,0.9385571680359137,0.6085715987980085,894.5207275912869,0.020202020202020204,9.77165650674189,7.295856910742083,-0.18486833418427873,-0.3621644545053286,0.15360568284324927,0.5046757832814186,2582.333591497804,6.116173246261344,19.682355547975327,2432.490984043304,116.1108021579252,33.73180529657528,4.5485025794748175,0.0,443483.88778937317,2.120986628309793,11.607543015472627,442302.6241950099,1094.0224967990869,87.24109756427994,2.813369323811274,0.0,76807.28878279614,2.9249251948944943,17.66365241484965,76456.2351975695,228.6538383164787,122.39974691015453,3.4359379122549907
14,jumping,1761225175159707000,1761225177122239500,-0.0407984894465166,1.0253130801973285,1.0512669124237333,-1.821000099182129,3.409950256347656,5.230950355529785,1.0261244706003512,-0.859950065612793,0.0010500000789761,0.0,0.8610000656917691,1.1657674103303972,1.7293351865617321,104.24021148732024,0.16161616161616163,5.71980330072381,4.049155966388904,16.395664040142858,-4.771050453186035,17.77695083618164,22.548001289367676,7.007982151740532,5.381475448608398,6.952950477600098,6.091950416564941,1.5714750289916992,0.014184052790886852,2.371244108801715,4862.069570072272,0.030303030303030304,4.515454751072508,4.146785530294494,17.195830234259788,-3.3730502128601074,18.02400016784668,21.397050380706787,6.1306738490351185,2.509050130844116,6.954525470733643,3.2560501098632812,4.445475339889526,0.8878830629233398,1.3949111951439503,3720.9310224810647,0.06060606060606061,11.847074814253684,8.311668666848178,0.48587863320290203,0.6218595691559485,0.7366733889425842,0.5046757832814186,5167.018956087704,5.400379048112396,20.69170711453816,4897.448109531001,215.60677303771786,53.96407351898501,4.626435096760167,0.0,400968.00336417055,3.1478587007288255,15.140273498442557,397165.92846979207,3387.3592700784006,414.7156243000586,3.8117112541126463,0.0,284101.40812505694,2.259613268787876,9.084164099065536,282960.0911082589,1056.6709214229834,84.64609537506246,3.5615213966683132
15,jumping,1761225176141010700,1761225178103514600,0.14084848680655765,1.1149456705627974,1.2431038483067258,-2.5849502086639404,3.409950256347656,5.994900465011597,1.1238069872279772,-0.0010500000789761,0.7639500498771667,0.0,0.7650000499561429,0.2520492651457203,1.4625505999522836,125.03127230969987,0.25252525252525254,6.149498781772575,6.324930139434957,40.0047412687327,-4.771050453186035,26.75895118713379,31.530001640319824,8.821625504166173,1.5414750576019287,7.364025354385376,6.091050148010254,5.822550296783447,0.9135882728857827,1.2893985856248484,7704.286577039752,0.04040404040404041,4.808985092470215,4.898078697011639,23.991174922119235,-3.3730502128601074,18.02400016784668,21.397050380706787,6.864219732913566,0.9774750471115112,7.737525463104248,2.4150002002716064,6.760050415992737,0.6602010142915683,-0.15494447720512516,4664.633741630279,0.08080808080808081,12.689711250186042,9.005249186367898,0.3033021678453603,0.3772294287293547,0.8134158781602164,3.0280546996885116,6285.787185602604,5.97888814673759,19.682355547975327,4220.24172743897,1995.244201202194,70.30125696144043,4.8923520048204265,0.0,566679.2712589969,2.3618830817083416,7.5701367492212785,557113.7855522858,9514.888870175639,50.59683653530382,3.597199427617325,0.0,344225.09998788923,2.95148937701078,14.13092193187972,339973.13098716317,3893.0968621429397,358.87213858311515,3.8094188995474583
16,jumping,1761225177122239500,1761225179084678100,-0.25900759470808987,1.0001545837597636,1.0003091914156659,-4.483050346374512,2.698050022125244,7.181100368499756,1.0331476784720255,-0.0010500000789761,0.0,0.0,0.0010500000789761,-2.161303891961134,7.171169422560277,105.67201842768146,0.35353535353535354,7.238286716816477,5.429279582246587,29.477076782199674,-1.5150001049041748,26.75895118713379,28.273951292037964,9.048197134072705,5.439975261688232,7.364025354385376,6.225000381469727,1.9240500926971436,1.3192769899057708,2.676342543177692,8105.117266327111,0.010101010101010102,4.993666928270926,4.033797589665088,16.271522994387876,-0.0010500000789761,15.15195083618164,15.153000836260617,6.419363861388032,2.4120001792907715,7.202025413513184,2.7940502166748047,4.790025234222412,0.9433568500822245,-0.06318239111874968,4079.615006104571,0.020202020202020204,12.822840043277752,9.218824383049059,-0.27690314375243397,-0.31216299821861043,0.8251153163027579,0.0,5552.064746321641,6.8527601903121615,20.187031331256744,3167.515658856506,2248.7007214670407,135.8483659980941,5.057428418882736,0.0,657897.9860730446,3.978068551605727,17.66365241484965,645264.3943441664,11149.82591336975,1483.7658155085849,4.054592037830676,0.0,324131.67249945085,3.4804857000887366,16.654300848286812,318436.8372340669,4975.899525730319,718.9357396536618,3.8692816015354534
17,jumping,1761225178103514600,1761225180065873700,-0.04961212582397039,1.0699904048004953,1.1448794663651278,-4.483050346374512,1.879050135612488,6.3621004819869995,1.071139967228327,0.0,0.0010500000789761,0.0,0.0010500000789761,-1.984192585088007,6.556773537464185,113.58674210999627,0.29292929292929293,5.966530586131896,6.443331110828937,41.516515803776066,-6.664950370788574,26.24205207824707,32.907002449035645,8.781571786361681,2.279025077819824,6.855975389480591,6.109050273895264,4.576950311660767,0.8146785431634556,1.288523774978084,7634.484300863324,0.020202020202020204,4.61619568653781,4.362292106065804,19.029592418644032,-2.26200008392334,15.82200050354004,18.08400058746338,6.351287667477699,1.7509500980377197,7.202025413513184,3.2569501399993896,5.451075315475464,0.6638371561646146,-0.18587556204144517,3993.546648470377,0.04040404040404041,12.378835459296225,8.81170201627073,-0.25745005995384407,-0.22340136879636996,0.8504891301324582,2.0187031331256744,5623.518865837921,5.657372161245387,18.67300398141249,4387.261373143427,1157.8516180570437,78.40587463745138,4.724218276963107,0.0,552355.1059508269,2.3774281145920626,7.5701367492212785,544051.1814045307,8220.082915213514,83.84163108279415,3.5527461875479824,0.0,302105.04411001236,2.7434703734211854,11.102867232191208,298221.626764101,3690.8103974836845,192.60694842775226,3.6814648416667852
18,still,1761227772397217800,1761227774348785000,-1.0606061403798988e-05,0.0006589429099811732,4.3420575861445664e-07,-0.0010500000789761,0.0010500000789761,0.0021000001579522,0.0006590282597529166,0.0,0.0,0.0,0.0,0.00742230925106063,-0.461299632204891,4.299750646814282e-05,0.40404040404040403,-1.0606061403798988e-05,0.0006589429099811732,4.3420575861445664e-07,-0.0010500000789761,0.0010500000789761,0.0021000001579522,0.0006590282597529166,0.0,0.0,0.0,0.0,0.00742230925106063,-0.461299632204891,4.299750646814282e-05,0.40404040404040403,9.806991259256998,0.0013899079133817707,1.9318440076812677e-06,9.80505084991455,9.808950424194336,0.0038995742797851562,9.806991357750203,9.805950164794922,9.808050155639648,9.807000160217283,0.0020999908447265625,-0.0035199285152437334,-1.3464945946799327,9521.53086960773,0.0,9.807818532046495,9.806991303543779,1.0,0.880478116270849,0.880478116270849,10.093515665628372,0.002127816400952307,13.38084392450358,21.701058681101,1.2516067769968126e-05,0.0015279591012626775,0.0005873412319196618,4.543163755209788,10.093515665628372,0.002127816400952307,13.38084392450358,21.701058681101,1.2516067769968126e-05,0.0015279591012626775,0.0005873412319196618,4.543163755209788,0.0,942631.5466150717,0.005678793612199017,0.0,942631.5371669333,0.0023918818276682722,0.007056256620012423,0.006061758081976664
19,still,1761227773367982600,1761227775329593000,0.0,0.0006674238626724191,4.454546124645721e-07,-0.0010500000789761,0.0010500000789761,0.0021000001579522,0.0006674238626724191,0.0,0.0,0.0,0.0,0.0,-0.5249999999999999,4.410000663399264e-05,0.3939393939393939,0.0,0.0006674238626724191,4.454546124645721e-07,-0.0010500000789761,0.0010500000789761,0.0021000001579522,0.0006674238626724191,0.0,0.0,0.0,0.0,0.0,-0.5249999999999999,4.410000663399264e-05,0.3939393939393939,9.807000352878763,0.0014076501535896443,1.9814789549009492e-06,9.80505084991455,9.808950424194336,0.0038995742797851562,9.807000453902464,9.805950164794922,9.808050155639648,9.807000160217283,0.0020999908447265625,0.0003771802198494228,-1.3876309570358798,9521.548532381472,0.0,9.807848837791067,9.80700039830087,0.9999999999999999,0.8804503449189085,0.8804503449189085,10.093515665628372,0.002178523617538457,14.646636048151832,22.710410247663837,6.17265783728529e-07,0.0015538966645154374,0.0006240096872392907,4.200123475418687,10.093515665628372,0.002178523617538457,14.646636048151832,22.710410247663837,6.17265783728529e-07,0.0015538966645154374,0.0006240096872392907,4.200123475418687,0.0,942633.2949593714,0.005647524873567276,0.0,942633.2852866728,0.0023491730349417877,0.007323525686033358,0.005653643584454139
20,still,1761227774348785000,1761227776310296800,1.0606061403798988e-05,0.0006589429099811732,4.3420575861445664e-07,-0.0010500000789761,0.0010500000789761,0.0021000001579522,0.0006590282597529166,0.0,0.0,0.0,0.0,-0.007422309251060653,-0.461299632204891,4.299750646814282e-05,0.3838383838383838,1.0606061403798988e-05,0.0006589429099811732,4.3420575861445664e-07,-0.0010500000789761,0.0010500000789761,0.0021000001579522,0.0006590282597529166,0.0,0.0,0.0,0.0,-0.007422309251060653,-0.461299632204891,4.299750646814282e-05,0.3838383838383838,9.80702004288182,0.0013938083605175703,1.9427017458486774e-06,9.80505084991455,9.808950424194336,0.0038995742797851562,9.807020141928307,9.805950164794922,9.808050155639648,9.807000160217283,0.0020999908447265625,-0.01435526741217149,-1.3616663595697265,9521.586762354564,0.0,9.807847315671317,9.80702008716815,1.0,0.8778983748219394,0.8778983748219394,10.093515665628372,0.002127816400952307,13.38084392450358,21.701058681101,1.2516067769968133e-05,0.0015279591012626772,0.0005873412319196619,4.543163755209789,10.093515665628372,0.002127816400952307,13.38084392450358,21.701058681101,1.2516067769968133e-05,0.0015279591012626772,0.0005873412319196619,4.543163755209789,0.0,942637.0799363749,0.005766413148551452,0.0,942637.0704706975,0.0023352089535398734,0.007130468438512892,0.006324317867741993
21,still,1761227775329593000,1761227777291249700,0.0,0.0006674238626724191,4.454546124645721e-07,-0.0010500000789761,0.0010500000789761,0.0021000001579522,0.0006674238626724191,0.0,0.0,0.0,0.0,0.0,-0.5249999999999999,4.410000663399264e-05,0.3939393939393939,0.0,0.0006674238626724191,4.454546124645721e-07,-0.0010500000789761,0.0010500000789761,0.0021000001579522,0.0006674238626724191,0.0,0.0,0.0,0.0,0.0,-0.5249999999999999,4.410000663399264e-05,0.3939393939393939,9.806989746864396,0.0014036503437700573,1.9702342875658004e-06,9.80505084991455,9.808950424194336,0.0038995742797851562,9.806989847314908,9.805950164794922,9.808050155639648,9.807000160217283,0.0020999908447265625,0.018823093109511992,-1.3721081560212527,9521.52793666843,0.0,9.8078382317767,9.806989792286503,0.9999999999999999,0.8829592560240815,0.8829592560240815,10.093515665628372,0.0021829458620701843,14.237634841292254,20.69170711453816,3.028888618558979e-07,0.0015945298246390332,0.000588113148569295,4.283467084374811,10.093515665628372,0.0021829458620701843,14.237634841292254,20.69170711453816,3.028888618558979e-07,0.0015945298246390332,0.000588113148569295,4.283467084374811,0.0,942631.2560738708,0.0057458492144045175,0.0,942631.2464298314,0.0026142560713085326,0.007029783177465002,0.006186157753468341
22,still,1761227776310296800,1761227778272225000,0.0,0.0006674238626724191,4.4545461246457206e-07,-0.0010500000789761,0.0010500000789761,0.0021000001579522,0.0006674238626724191,0.0,0.0,0.0,0.0,0.0,-0.524999999999999,4.410000663399263e-05,0.40404040404040403,0.0,0.0006674238626724191,4.4545461246457206e-07,-0.0010500000789761,0.0010500000789761,0.0021000001579522,0.0006674238626724191,0.0,0.0,0.0,0.0,0.0,-0.524999999999999,4.410000663399263e-05,0.40404040404040403,9.80701095889313,0.0014036474322579008,1.970226114084198e-06,9.80505084991455,9.808950424194336,0.0038995742797851562,9.807011059343008,9.805950164794922,9.808050155639648,9.807000160217283,0.0020999908447265625,-0.0180576288958677,-1.372122429802839,9521.569125889531,0.0,9.807859443805434,9.807011004315237,0.9999999999999999,0.8829610875000989,0.8829610875000989,10.093515665628372,0.0021829458620701843,14.237634841292257,20.69170711453816,3.028888618558979e-07,0.0015945298246390332,0.0005881131485692951,4.283467084374811,10.093515665628372,0.0021829458620701843,14.237634841292257,20.69170711453816,3.028888618558979e-07,0.0015945298246390332,0.0005881131485692951,4.283467084374811,0.0,942635.3338068037,0.005745754833698486,0.0,942635.3241628082,0.0026142519870704425,0.007029743492639766,0.006186220250285573
